<?xml version="1.0" encoding="UTF-8"?>
<GenRun Id="synth_1" LaunchPart="xc7a35tcpg236-1" LaunchTime="1716886693">
  <File Type="PA-TCL" Name="TOP.tcl"/>
  <File Type="RDS-PROPCONSTRS" Name="TOP_drc_synth.rpt"/>
  <File Type="REPORTS-TCL" Name="TOP_reports.tcl"/>
  <File Type="RDS-RDS" Name="TOP.vds"/>
  <File Type="RDS-UTIL" Name="TOP_utilization_synth.rpt"/>
  <File Type="RDS-UTIL-PB" Name="TOP_utilization_synth.pb"/>
  <File Type="RDS-DCP" Name="TOP.dcp"/>
  <File Type="VDS-TIMINGSUMMARY" Name="TOP_timing_summary_synth.rpt"/>
  <File Type="VDS-TIMING-PB" Name="TOP_timing_summary_synth.pb"/>
  <FileSet Name="sources" Type="DesignSrcs" RelSrcDir="$PSRCDIR/sources_1" RelGenDir="$PGENDIR/sources_1">
    <Filter Type="Srcs"/>
    <File Path="$PSRCDIR/sources_1/imports/new/ControlUnit.v">
      <FileInfo>
        <Attr Name="ImportPath" Val="$PPRDIR/../20240528_DedicatedProcessor_0_9_counter/20240528_DedicatedProcessor_0_9_counter.srcs/sources_1/new/ControlUnit.v"/>
        <Attr Name="ImportTime" Val="1716877370"/>
        <Attr Name="UsedIn" Val="synthesis"/>
        <Attr Name="UsedIn" Val="implementation"/>
        <Attr Name="UsedIn" Val="simulation"/>
      </FileInfo>
    </File>
    <File Path="$PSRCDIR/sources_1/imports/new/DataPath.v">
      <FileInfo>
        <Attr Name="ImportPath" Val="$PPRDIR/../20240528_DedicatedProcessor_0_9_counter/20240528_DedicatedProcessor_0_9_counter.srcs/sources_1/new/DataPath.v"/>
        <Attr Name="ImportTime" Val="1716880329"/>
        <Attr Name="UsedIn" Val="synthesis"/>
        <Attr Name="UsedIn" Val="implementation"/>
        <Attr Name="UsedIn" Val="simulation"/>
      </FileInfo>
    </File>
    <File Path="$PSRCDIR/sources_1/imports/new/DedicatedProcessor.v">
      <FileInfo>
        <Attr Name="ImportPath" Val="$PPRDIR/../20240528_DedicatedProcessor_0_9_counter/20240528_DedicatedProcessor_0_9_counter.srcs/sources_1/new/DedicatedProcessor.v"/>
        <Attr Name="ImportTime" Val="1716876676"/>
        <Attr Name="UsedIn" Val="synthesis"/>
        <Attr Name="UsedIn" Val="implementation"/>
        <Attr Name="UsedIn" Val="simulation"/>
      </FileInfo>
    </File>
    <File Path="$PSRCDIR/sources_1/imports/new/FNDController.v">
      <FileInfo>
        <Attr Name="ImportPath" Val="$PPRDIR/../20240528_DedicatedProcessor_0_9_counter/20240528_DedicatedProcessor_0_9_counter.srcs/sources_1/new/FNDController.v"/>
        <Attr Name="ImportTime" Val="1716874242"/>
        <Attr Name="UsedIn" Val="synthesis"/>
        <Attr Name="UsedIn" Val="implementation"/>
        <Attr Name="UsedIn" Val="simulation"/>
      </FileInfo>
    </File>
    <File Path="$PSRCDIR/sources_1/imports/new/TOP.v">
      <FileInfo>
        <Attr Name="ImportPath" Val="$PPRDIR/../20240528_DedicatedProcessor_0_9_counter/20240528_DedicatedProcessor_0_9_counter.srcs/sources_1/new/TOP.v"/>
        <Attr Name="ImportTime" Val="1716875119"/>
        <Attr Name="UsedIn" Val="synthesis"/>
        <Attr Name="UsedIn" Val="implementation"/>
        <Attr Name="UsedIn" Val="simulation"/>
      </FileInfo>
    </File>
    <Config>
      <Option Name="DesignMode" Val="RTL"/>
      <Option Name="TopModule" Val="TOP"/>
      <Option Name="TopAutoSet" Val="TRUE"/>
    </Config>
  </FileSet>
  <FileSet Name="constrs_in" Type="Constrs" RelSrcDir="$PSRCDIR/constrs_1">
    <Filter Type="Constrs"/>
    <File Path="$PSRCDIR/constrs_1/imports/user_util/MY_Basys-3-Master.xdc">
      <FileInfo>
        <Attr Name="ImportPath" Val="$PPRDIR/../20240528_DedicatedProcessor_0_9_counter/20240528_DedicatedProcessor_0_9_counter.srcs/constrs_1/imports/user_util/MY_Basys-3-Master.xdc"/>
        <Attr Name="ImportTime" Val="1716875060"/>
        <Attr Name="UsedIn" Val="synthesis"/>
        <Attr Name="UsedIn" Val="implementation"/>
      </FileInfo>
    </File>
    <Config>
      <Option Name="ConstrsType" Val="XDC"/>
    </Config>
  </FileSet>
  <FileSet Name="utils" Type="Utils" RelSrcDir="$PSRCDIR/utils_1">
    <Filter Type="Utils"/>
    <Config>
      <Option Name="TopAutoSet" Val="TRUE"/>
    </Config>
  </FileSet>
  <Strategy Version="1" Minor="2">
    <StratHandle Name="Vivado Synthesis Defaults" Flow="Vivado Synthesis 2020"/>
    <Step Id="synth_design"/>
  </Strategy>
</GenRun>
